Rickson_Gracie, He, https://en.wikipedia.org/wiki/Rickson_Gracie, 
Rickson_Gracie,	He, https://en.wikipedia.org/wiki/Rickson_Gracie,
Rickson_Gracie,	His, https://en.wikipedia.org/wiki/Rickson_Gracie, 
Rickson_Gracie, His, https://en.wikipedia.org/wiki/Rickson_Gracie,
Rickson_Gracie, His, https://en.wikipedia.org/wiki/Hugo_Duarte,
Rickson_Gracie, He, https://en.wikipedia.org/wiki/Rickson_Gracie,
Fedor_Vladimirovich_Emelianenko, He, https://en.wikipedia.org/wiki/Fedor_Emelianenko,
Fedor_Vladimirovich_Emelianenko, His,https://en.wikipedia.org/wiki/Fedor_Emelianenko,
Fedor_Vladimirovich_Emelianenko, His,https://en.wikipedia.org/wiki/Fedor_Emelianenko,
Fedor_Vladimirovich_Emelianenko, His,https://en.wikipedia.org/wiki/Fedor_Emelianenko,
Fedor_Vladimirovich_Emelianenko, His,https://en.wikipedia.org/wiki/Fedor_Emelianenko,
Fedor_Vladimirovich_Emelianenko, He,https://en.wikipedia.org/wiki/Fedor_Emelianenko,
Fedor_Vladimirovich_Emelianenko, Him,https://en.wikipedia.org/wiki/Fedor_Emelianenko,
Fedor_Vladimirovich_Emelianenko, He,https://en.wikipedia.org/wiki/Fedor_Emelianenko,
Fedor_Vladimirovich_Emelianenko, He ,https://en.wikipedia.org/wiki/Fedor_Emelianenko,
Fedor_Vladimirovich_Emelianenko, Him,https://en.wikipedia.org/wiki/Fedor_Emelianenko,
Fedor_Vladimirovich_Emelianenko, He,https://en.wikipedia.org/wiki/Fedor_Emelianenko,
Fedor_Vladimirovich_Emelianenko, His,https://en.wikipedia.org/wiki/Fedor_Emelianenko,
Fedor_Vladimirovich_Emelianenko, He,https://en.wikipedia.org/wiki/Fedor_Emelianenko,
Fedor_Vladimirovich_Emelianenko, He,https://en.wikipedia.org/wiki/Fedor_Emelianenko,
Fedor_Vladimirovich_Emelianenko, his,https://en.wikipedia.org/wiki/Fedor_Emelianenko,
Fedor_Vladimirovich_Emelianenko, He,https://en.wikipedia.org/wiki/Fedor_Emelianenko,
Fedor_Vladimirovich_Emelianenko, his,https://en.wikipedia.org/wiki/Fedor_Emelianenko,
Fedor_Vladimirovich_Emelianenko, his,https://en.wikipedia.org/wiki/Fedor_Emelianenko,
Fedor_Vladimirovich_Emelianenko, He,https://en.wikipedia.org/wiki/Fedor_Emelianenko,
Fedor_Vladimirovich_Emelianenko, He,https://en.wikipedia.org/wiki/Fedor_Emelianenko, 
Nelson_Mandela1, He, https://en.wikipedia.org/wiki/Nelson_Mandela,
Nelson_Mandela1, His, https://en.wikipedia.org/wiki/Nelson_Mandela, 
Nelson_Mandela1, He, https://en.wikipedia.org/wiki/Nelson_Mandela,
Nelson_Mandela1, He, https://en.wikipedia.org/wiki/Nelson_Mandela,
Nelson_Mandela1, He, https://en.wikipedia.org/wiki/Nelson_Mandela,
Nelson_Mandela1, He, https://en.wikipedia.org/wiki/Nelson_Mandela,
Nelson_Mandela1, His, https://en.wikipedia.org/wiki/Nelson_Mandela,
Nelson_Mandela1, He, https://en.wikipedia.org/wiki/Nelson_Mandela,
Nelson_Mandela1, He, https://en.wikipedia.org/wiki/Nelson_Mandela,
Nelson_Mandela1, He, https://en.wikipedia.org/wiki/Nelson_Mandela,
Nelson_Mandela1, He, https://en.wikipedia.org/wiki/Nelson_Mandela,
Nelson_Mandela2, Him, https://en.wikipedia.org/wiki/Nelson_Mandela,
Nelson_Mandela2, His, https://en.wikipedia.org/wiki/Nelson_Mandela, 
Nelson_Mandela2, He, https://en.wikipedia.org/wiki/Nelson_Mandela,
Nelson_Mandela2, He, https://en.wikipedia.org/wiki/Nelson_Mandela,
Nelson_Mandela2, His, https://en.wikipedia.org/wiki/Nelson_Mandela, 
Nelson_Mandela2, His, https://en.wikipedia.org/wiki/Nelson_Mandela, 
Nelson_Mandela2, Him, https://en.wikipedia.org/wiki/Nelson_Mandela,
Nelson_Mandela2, Him, https://en.wikipedia.org/wiki/Nelson_Mandela,
Nelson_Mandela2, He, https://en.wikipedia.org/wiki/Nelson_Mandela,
Nelson_Mandela2, He, https://en.wikipedia.org/wiki/Nelson_Mandela,
Nelson_Mandela2, His, https://en.wikipedia.org/wiki/Nelson_Mandela, 
Nelson_Mandela2, He, https://en.wikipedia.org/wiki/Nelson_Mandela,
Nelson_Mandela2, He, https://en.wikipedia.org/wiki/Nelson_Mandela,
Nelson_Mandela2, His, https://en.wikipedia.org/wiki/Nelson_Mandela,
Naruto_Uzumaki, He, https://en.wikipedia.org/wiki/Masashi_Kishimoto, 
Naruto_Uzumaki, He, https://en.wikipedia.org/wiki/Masashi_Kishimoto, 
Naruto_Uzumaki, He, https://en.wikipedia.org/wiki/Masashi_Kishimoto, 
Naruto_Uzumaki, He, https://en.wikipedia.org/wiki/Masashi_Kishimoto, 
Naruto_Uzumaki, He, https://en.wikipedia.org/wiki/Masashi_Kishimoto, 
Naruto_Uzumaki, He, https://en.wikipedia.org/wiki/Masashi_Kishimoto, 
Naruto_Uzumaki, He, https://en.wikipedia.org/wiki/Masashi_Kishimoto, 
Naruto_Uzumaki, He, https://en.wikipedia.org/wiki/Masashi_Kishimoto, 
Naruto_Uzumaki, Him, https://en.wikipedia.org/wiki/Naruto_Uzumaki,
Naruto_Uzumaki, Him, https://en.wikipedia.org/wiki/Naruto_Uzumaki,
Naruto_Uzumaki, Him, https://en.wikipedia.org/wiki/Naruto_Uzumaki,
Naruto_Uzumaki, His, https://en.wikipedia.org/wiki/Naruto_Uzumaki,
Naruto_Uzumaki, His, https://en.wikipedia.org/wiki/Naruto_Uzumaki,
Naruto_Uzumaki, His, https://en.wikipedia.org/wiki/Naruto_Uzumaki,
Naruto_Uzumaki, His, https://en.wikipedia.org/wiki/Masashi_Kishimoto, 
Naruto_Uzumaki, His, https://en.wikipedia.org/wiki/Masashi_Kishimoto, 
Naruto_Uzumaki, He, https://en.wikipedia.org/wiki/Masashi_Kishimoto, 
Naruto_Uzumaki, He, https://en.wikipedia.org/wiki/Masashi_Kishimoto, 
Naruto_Uzumaki, He, https://en.wikipedia.org/wiki/Masashi_Kishimoto, 
Naruto_Uzumaki, He, None,
Naruto_Uzumaki, Him, https://en.wikipedia.org/wiki/Naruto_Uzumaki,
Naruto_Uzumaki, Him, https://en.wikipedia.org/wiki/Naruto_Uzumaki,
Naruto_Uzumaki, His, https://en.wikipedia.org/wiki/Naruto_Uzumaki,
Naruto_Uzumaki, His, https://en.wikipedia.org/wiki/Naruto_Uzumaki,
Naruto_Uzumaki, His, https://en.wikipedia.org/wiki/Naruto_Uzumaki,
Naruto_Uzumaki, His, https://en.wikipedia.org/wiki/Naruto_Uzumaki,
Naruto_Uzumaki, His, https://en.wikipedia.org/wiki/Naruto_Uzumaki,
Naruto_Uzumaki, He, https://en.wikipedia.org/wiki/Masashi_Kishimoto, 
Naruto_Uzumaki, He, https://en.wikipedia.org/wiki/Masashi_Kishimoto, 
Naruto_Uzumaki, He, https://en.wikipedia.org/wiki/Masashi_Kishimoto, 
Naruto_Uzumaki, He, https://en.wikipedia.org/wiki/Masashi_Kishimoto, 
Naruto_Uzumaki, He, https://en.wikipedia.org/wiki/Masashi_Kishimoto, 
Naruto_Uzumaki, Him, https://en.wikipedia.org/wiki/Sasuke_Uchiha,
Naruto_Uzumaki, Him, https://en.wikipedia.org/wiki/Sasuke_Uchiha,
Naruto_Uzumaki, He, https://nl.wikipedia.org/wiki/Jiraiya_(Naruto),
Naruto_Uzumaki, He, https://nl.wikipedia.org/wiki/Jiraiya_(Naruto),
Naruto_Uzumaki, Him, https://en.wikipedia.org/wiki/Naruto_Uzumaki,
Naruto_Uzumaki, Him, None,
Naruto_Uzumaki, His, https://en.wikipedia.org/wiki/Masashi_Kishimoto,
Naruto_Uzumaki, His, https://nl.wikipedia.org/wiki/Jiraiya_(Naruto),
Naruto_Uzumaki, His, https://nl.wikipedia.org/wiki/Jiraiya_(Naruto),
Naruto_Uzumaki, His, https://nl.wikipedia.org/wiki/Jiraiya_(Naruto),
Naruto_Uzumaki, His, https://nl.wikipedia.org/wiki/Jiraiya_(Naruto),
Naruto_Uzumaki, He, https://en.wikipedia.org/wiki/Masashi_Kishimoto,
Naruto_Uzumaki, He, https://en.wikipedia.org/wiki/Masashi_Kishimoto,
Naruto_Uzumaki, He, https://en.wikipedia.org/wiki/Masashi_Kishimoto,
Naruto_Uzumaki, He, https://en.wikipedia.org/wiki/Masashi_Kishimoto,
Naruto_Uzumaki, He, https://en.wikipedia.org/wiki/Masashi_Kishimoto, 
Naruto_Uzumaki, He, https://en.wikipedia.org/wiki/Masashi_Kishimoto,
Naruto_Uzumaki, He, https://en.wikipedia.org/wiki/Masashi_Kishimoto, 
Naruto_Uzumaki, He, https://en.wikipedia.org/wiki/Masashi_Kishimoto,
Naruto_Uzumaki, His, https://en.wikipedia.org/wiki/Masashi_Kishimoto,
Naruto_Uzumaki, His, https://en.wikipedia.org/wiki/Naruto_Uzumaki,
Naruto_Uzumaki, He, https://en.wikipedia.org/wiki/Masashi_Kishimoto,
Naruto_Uzumaki, He, https://en.wikipedia.org/wiki/Masashi_Kishimoto,
Naruto_Uzumaki, His, https://en.wikipedia.org/wiki/Naruto_Uzumaki,
Naruto_Uzumaki, His, https://en.wikipedia.org/wiki/Masashi_Kishimoto,
Naruto_Uzumaki, His, https://en.wikipedia.org/wiki/Masashi_Kishimoto,
Naruto_Uzumaki, He, https://en.wikipedia.org/wiki/Masashi_Kishimoto,
Naruto_Uzumaki, Him, https://en.wikipedia.org/wiki/Naruto_Uzumaki,
Naruto_Uzumaki, His, https://en.wikipedia.org/wiki/Naruto_Uzumaki,
Obama, He, https://en.wikipedia.org/wiki/Barack_Obama
Obama, He, https://en.wikipedia.org/wiki/Barack_Obama
Obama, His, https://en.wikipedia.org/wiki/Barack_Obama
Obama, He, https://en.wikipedia.org/wiki/Barack_Obama
Obama, He, https://en.wikipedia.org/wiki/Barack_Obama
Obama, He, https://en.wikipedia.org/wiki/Barack_Obama
Obama, He, https://en.wikipedia.org/wiki/Barack_Obama
Obama, His, https://en.wikipedia.org/wiki/Barack_Obama
Obama, His, https://en.wikipedia.org/wiki/Barack_Obama
Obama, His, https://en.wikipedia.org/wiki/Barack_Obama
Obama, His, https://en.wikipedia.org/wiki/Barack_Obama
Obama, He, https://en.wikipedia.org/wiki/Barack_Obama
Obama, He, https://en.wikipedia.org/wiki/Barack_Obama
Obama, His, https://en.wikipedia.org/wiki/Barack_Obama
Obama, He, https://en.wikipedia.org/wiki/Barack_Obama
Obama, He, https://en.wikipedia.org/wiki/Barack_Obama
Obama, His, https://en.wikipedia.org/wiki/Barack_Obama
Obama, His, https://en.wikipedia.org/wiki/Barack_Obama
Obama, He, https://en.wikipedia.org/wiki/Barack_Obama
Obama, His, https://en.wikipedia.org/wiki/Barack_Obama
Da_Vinci, He, https://en.wikipedia.org/wiki/Leonardo_da_Vinci
Da_Vinci, He, https://en.wikipedia.org/wiki/Leonardo_da_Vinci
Da_Vinci, His, https://en.wikipedia.org/wiki/Leonardo_da_Vinci
Da_Vinci, He, https://en.wikipedia.org/wiki/Leonardo_da_Vinci
Da_Vinci, He, https://en.wikipedia.org/wiki/Leonardo_da_Vinci
Da_Vinci, He, https://en.wikipedia.org/wiki/Leonardo_da_Vinci
Da_Vinci, He, https://en.wikipedia.org/wiki/Leonardo_da_Vinci
Da_Vinci, His, https://en.wikipedia.org/wiki/Leonardo_da_Vinci
Da_Vinci, His, https://en.wikipedia.org/wiki/Leonardo_da_Vinci
Da_Vinci, His, https://en.wikipedia.org/wiki/Leonardo_da_Vinci
Da_Vinci, His, https://en.wikipedia.org/wiki/Leonardo_da_Vinci
Da_Vinci, He, https://en.wikipedia.org/wiki/Leonardo_da_Vinci
Da_Vinci, He, https://en.wikipedia.org/wiki/Leonardo_da_Vinci
Da_Vinci, His, https://en.wikipedia.org/wiki/Leonardo_da_Vinci
Da_Vinci, He, https://en.wikipedia.org/wiki/Leonardo_da_Vinci
Da_Vinci, He, https://en.wikipedia.org/wiki/Leonardo_da_Vinci
Da_Vinci, His, https://en.wikipedia.org/wiki/Leonardo_da_Vinci
Da_Vinci, His, https://en.wikipedia.org/wiki/Leonardo_da_Vinci
Da_Vinci, He, https://en.wikipedia.org/wiki/Leonardo_da_Vinci
Da_Vinci, His, https://en.wikipedia.org/wiki/Leonardo_da_Vinci
Downey, He, https://en.wikipedia.org/wiki/Robert_Downey_Jr.
Downey, He, https://en.wikipedia.org/wiki/Robert_Downey_Jr.
Downey, His, https://en.wikipedia.org/wiki/Robert_Downey_Jr.
Downey, He, https://en.wikipedia.org/wiki/Robert_Downey_Jr.
Downey, He, https://en.wikipedia.org/wiki/Robert_Downey_Jr.
Downey, He, https://en.wikipedia.org/wiki/Robert_Downey_Jr.
Downey, He, https://en.wikipedia.org/wiki/Robert_Downey_Jr.
Downey, His, https://en.wikipedia.org/wiki/Robert_Downey_Jr.
Downey, His, https://en.wikipedia.org/wiki/Robert_Downey_Jr.
Downey, His, https://en.wikipedia.org/wiki/Robert_Downey_Jr.
Downey, His, https://en.wikipedia.org/wiki/Robert_Downey_Jr.
Downey, He, https://en.wikipedia.org/wiki/Robert_Downey_Jr.
Downey, He, https://en.wikipedia.org/wiki/Robert_Downey_Jr.
Downey, His, https://en.wikipedia.org/wiki/Robert_Downey_Jr.
Downey, He, https://en.wikipedia.org/wiki/Robert_Downey_Jr.
Downey, He, https://en.wikipedia.org/wiki/Robert_Downey_Jr.
Downey, His, https://en.wikipedia.org/wiki/Robert_Downey_Jr.
Downey, His, https://en.wikipedia.org/wiki/Robert_Downey_Jr.
Downey, He, https://en.wikipedia.org/wiki/Robert_Downey_Jr.
Downey, His, https://en.wikipedia.org/wiki/Robert_Downey_Jr.
Einstein, He, https://en.wikipedia.org/wiki/Albert_Einstein
Einstein, He, https://en.wikipedia.org/wiki/Albert_Einstein
Einstein, His, https://en.wikipedia.org/wiki/Albert_Einstein
Einstein, He, https://en.wikipedia.org/wiki/Albert_Einstein
Einstein, He, https://en.wikipedia.org/wiki/Albert_Einstein
Einstein, He, https://en.wikipedia.org/wiki/Albert_Einstein
Einstein, He, https://en.wikipedia.org/wiki/Albert_Einstein
Einstein, His, https://en.wikipedia.org/wiki/Albert_Einstein
Einstein, His, https://en.wikipedia.org/wiki/Albert_Einstein
Einstein, His, https://en.wikipedia.org/wiki/Albert_Einstein
Einstein, His, https://en.wikipedia.org/wiki/Albert_Einstein
Einstein, He, https://en.wikipedia.org/wiki/Albert_Einstein
Einstein, He, https://en.wikipedia.org/wiki/Albert_Einstein
Einstein, His, https://en.wikipedia.org/wiki/Albert_Einstein
Einstein, He, https://en.wikipedia.org/wiki/Albert_Einstein
Einstein, He, https://en.wikipedia.org/wiki/Albert_Einstein
Einstein, His, https://en.wikipedia.org/wiki/Albert_Einstein
Einstein, His, https://en.wikipedia.org/wiki/Albert_Einstein
Einstein, He, https://en.wikipedia.org/wiki/Albert_Einstein
Einstein, His, https://en.wikipedia.org/wiki/Albert_Einstein
Neymar, He, https://en.wikipedia.org/wiki/Neymar
Neymar, He, https://en.wikipedia.org/wiki/Neymar
Neymar, His, https://en.wikipedia.org/wiki/Neymar
Neymar, He, https://en.wikipedia.org/wiki/Neymar
Neymar, He, https://en.wikipedia.org/wiki/Neymar
Neymar, He, https://en.wikipedia.org/wiki/Neymar
Neymar, He, https://en.wikipedia.org/wiki/Neymar
Neymar, His, https://en.wikipedia.org/wiki/Neymar
Neymar, His, https://en.wikipedia.org/wiki/Neymar
Neymar, His, https://en.wikipedia.org/wiki/Neymar
Neymar, His, https://en.wikipedia.org/wiki/Neymar
Neymar, He, https://en.wikipedia.org/wiki/Neymar
Neymar, He, https://en.wikipedia.org/wiki/Neymar
Neymar, His, https://en.wikipedia.org/wiki/Neymar
Neymar, He, https://en.wikipedia.org/wiki/Neymar
Neymar, He, https://en.wikipedia.org/wiki/Neymar
Neymar, His, https://en.wikipedia.org/wiki/Neymar
Neymar, His, https://en.wikipedia.org/wiki/Neymar
Neymar, He, https://en.wikipedia.org/wiki/Neymar
Neymar, His, https://en.wikipedia.org/wiki/Neymar
Xi_Jinping, He, https://en.wikipedia.org/wiki/Xi_Jinping
Xi_Jinping, He, https://en.wikipedia.org/wiki/Xi_Jinping
Xi_Jinping, His, https://en.wikipedia.org/wiki/Xi_Jinping
Xi_Jinping, He, https://en.wikipedia.org/wiki/Xi_Jinping
Xi_Jinping, He, https://en.wikipedia.org/wiki/Xi_Jinping
Xi_Jinping, He, https://en.wikipedia.org/wiki/Xi_Jinping
Xi_Jinping, He, https://en.wikipedia.org/wiki/Xi_Jinping
Xi_Jinping, His, https://en.wikipedia.org/wiki/Xi_Jinping
Xi_Jinping, His, https://en.wikipedia.org/wiki/Xi_Jinping
Xi_Jinping, His, https://en.wikipedia.org/wiki/Xi_Jinping
Xi_Jinping, His, https://en.wikipedia.org/wiki/Xi_Jinping
Xi_Jinping, He, https://en.wikipedia.org/wiki/Xi_Jinping
Xi_Jinping, He, https://en.wikipedia.org/wiki/Xi_Jinping
Xi_Jinping, His, https://en.wikipedia.org/wiki/Xi_Jinping
Xi_Jinping, He, https://en.wikipedia.org/wiki/Xi_Jinping
Xi_Jinping, He, https://en.wikipedia.org/wiki/Xi_Jinping
Xi_Jinping, His, https://en.wikipedia.org/wiki/Xi_Jinping
Xi_Jinping, His, https://en.wikipedia.org/wiki/Xi_Jinping
Xi_Jinping, He, https://en.wikipedia.org/wiki/Xi_Jinping
Xi_Jinping, His, https://en.wikipedia.org/wiki/Xi_Jinping
