Obama, He, https://en.wikipedia.org/wiki/Barack_Obama
Obama, He, https://en.wikipedia.org/wiki/Barack_Obama
Obama, His, https://en.wikipedia.org/wiki/Barack_Obama
Obama, He, https://en.wikipedia.org/wiki/Barack_Obama
Obama, He, https://en.wikipedia.org/wiki/Barack_Obama
Obama, He, https://en.wikipedia.org/wiki/Barack_Obama
Obama, He, https://en.wikipedia.org/wiki/Barack_Obama
Obama, His, https://en.wikipedia.org/wiki/Barack_Obama
Obama, His, https://en.wikipedia.org/wiki/Barack_Obama
Obama, His, https://en.wikipedia.org/wiki/Barack_Obama
Obama, His, https://en.wikipedia.org/wiki/Barack_Obama
Obama, He, https://en.wikipedia.org/wiki/Barack_Obama
Obama, He, https://en.wikipedia.org/wiki/Barack_Obama
Obama, His, https://en.wikipedia.org/wiki/Barack_Obama
Obama, He, https://en.wikipedia.org/wiki/Barack_Obama
Obama, He, https://en.wikipedia.org/wiki/Barack_Obama
Obama, His, https://en.wikipedia.org/wiki/Barack_Obama
Obama, His, https://en.wikipedia.org/wiki/Barack_Obama
Obama, He, https://en.wikipedia.org/wiki/Barack_Obama
Obama, His, https://en.wikipedia.org/wiki/Barack_Obama
Da_Vinci, He, https://en.wikipedia.org/wiki/Leonardo_da_Vinci
Da_Vinci, He, https://en.wikipedia.org/wiki/Leonardo_da_Vinci
Da_Vinci, His, https://en.wikipedia.org/wiki/Leonardo_da_Vinci
Da_Vinci, He, https://en.wikipedia.org/wiki/Leonardo_da_Vinci
Da_Vinci, He, https://en.wikipedia.org/wiki/Leonardo_da_Vinci
Da_Vinci, He, https://en.wikipedia.org/wiki/Leonardo_da_Vinci
Da_Vinci, He, https://en.wikipedia.org/wiki/Leonardo_da_Vinci
Da_Vinci, His, https://en.wikipedia.org/wiki/Leonardo_da_Vinci
Da_Vinci, His, https://en.wikipedia.org/wiki/Leonardo_da_Vinci
Da_Vinci, His, https://en.wikipedia.org/wiki/Leonardo_da_Vinci
Da_Vinci, His, https://en.wikipedia.org/wiki/Leonardo_da_Vinci
Da_Vinci, He, https://en.wikipedia.org/wiki/Leonardo_da_Vinci
Da_Vinci, He, https://en.wikipedia.org/wiki/Leonardo_da_Vinci
Da_Vinci, His, https://en.wikipedia.org/wiki/Leonardo_da_Vinci
Da_Vinci, He, https://en.wikipedia.org/wiki/Leonardo_da_Vinci
Da_Vinci, He, https://en.wikipedia.org/wiki/Leonardo_da_Vinci
Da_Vinci, His, https://en.wikipedia.org/wiki/Leonardo_da_Vinci
Da_Vinci, His, https://en.wikipedia.org/wiki/Leonardo_da_Vinci
Da_Vinci, He, https://en.wikipedia.org/wiki/Leonardo_da_Vinci
Da_Vinci, His, https://en.wikipedia.org/wiki/Leonardo_da_Vinci
Downey, He, https://en.wikipedia.org/wiki/Robert_Downey_Jr.
Downey, He, https://en.wikipedia.org/wiki/Robert_Downey_Jr.
Downey, His, https://en.wikipedia.org/wiki/Robert_Downey_Jr.
Downey, He, https://en.wikipedia.org/wiki/Robert_Downey_Jr.
Downey, He, https://en.wikipedia.org/wiki/Robert_Downey_Jr.
Downey, He, https://en.wikipedia.org/wiki/Robert_Downey_Jr.
Downey, He, https://en.wikipedia.org/wiki/Robert_Downey_Jr.
Downey, His, https://en.wikipedia.org/wiki/Robert_Downey_Jr.
Downey, His, https://en.wikipedia.org/wiki/Robert_Downey_Jr.
Downey, His, https://en.wikipedia.org/wiki/Robert_Downey_Jr.
Downey, His, https://en.wikipedia.org/wiki/Robert_Downey_Jr.
Downey, He, https://en.wikipedia.org/wiki/Robert_Downey_Jr.
Downey, He, https://en.wikipedia.org/wiki/Robert_Downey_Jr.
Downey, His, https://en.wikipedia.org/wiki/Robert_Downey_Jr.
Downey, He, https://en.wikipedia.org/wiki/Robert_Downey_Jr.
Downey, He, https://en.wikipedia.org/wiki/Robert_Downey_Jr.
Downey, His, https://en.wikipedia.org/wiki/Robert_Downey_Jr.
Downey, His, https://en.wikipedia.org/wiki/Robert_Downey_Jr.
Downey, He, https://en.wikipedia.org/wiki/Robert_Downey_Jr.
Downey, His, https://en.wikipedia.org/wiki/Robert_Downey_Jr.
Einstein, He, https://en.wikipedia.org/wiki/Albert_Einstein
Einstein, He, https://en.wikipedia.org/wiki/Albert_Einstein
Einstein, His, https://en.wikipedia.org/wiki/Albert_Einstein
Einstein, He, https://en.wikipedia.org/wiki/Albert_Einstein
Einstein, He, https://en.wikipedia.org/wiki/Albert_Einstein
Einstein, He, https://en.wikipedia.org/wiki/Albert_Einstein
Einstein, He, https://en.wikipedia.org/wiki/Albert_Einstein
Einstein, His, https://en.wikipedia.org/wiki/Albert_Einstein
Einstein, His, https://en.wikipedia.org/wiki/Albert_Einstein
Einstein, His, https://en.wikipedia.org/wiki/Albert_Einstein
Einstein, His, https://en.wikipedia.org/wiki/Albert_Einstein
Einstein, He, https://en.wikipedia.org/wiki/Albert_Einstein
Einstein, He, https://en.wikipedia.org/wiki/Albert_Einstein
Einstein, His, https://en.wikipedia.org/wiki/Albert_Einstein
Einstein, He, https://en.wikipedia.org/wiki/Albert_Einstein
Einstein, He, https://en.wikipedia.org/wiki/Albert_Einstein
Einstein, His, https://en.wikipedia.org/wiki/Albert_Einstein
Einstein, His, https://en.wikipedia.org/wiki/Albert_Einstein
Einstein, He, https://en.wikipedia.org/wiki/Albert_Einstein
Einstein, His, https://en.wikipedia.org/wiki/Albert_Einstein
Neymar, He, https://en.wikipedia.org/wiki/Neymar
Neymar, He, https://en.wikipedia.org/wiki/Neymar
Neymar, His, https://en.wikipedia.org/wiki/Neymar
Neymar, He, https://en.wikipedia.org/wiki/Neymar
Neymar, He, https://en.wikipedia.org/wiki/Neymar
Neymar, He, https://en.wikipedia.org/wiki/Neymar
Neymar, He, https://en.wikipedia.org/wiki/Neymar
Neymar, His, https://en.wikipedia.org/wiki/Neymar
Neymar, His, https://en.wikipedia.org/wiki/Neymar
Neymar, His, https://en.wikipedia.org/wiki/Neymar
Neymar, His, https://en.wikipedia.org/wiki/Neymar
Neymar, He, https://en.wikipedia.org/wiki/Neymar
Neymar, He, https://en.wikipedia.org/wiki/Neymar
Neymar, His, https://en.wikipedia.org/wiki/Neymar
Neymar, He, https://en.wikipedia.org/wiki/Neymar
Neymar, He, https://en.wikipedia.org/wiki/Neymar
Neymar, His, https://en.wikipedia.org/wiki/Neymar
Neymar, His, https://en.wikipedia.org/wiki/Neymar
Neymar, He, https://en.wikipedia.org/wiki/Neymar
Neymar, His, https://en.wikipedia.org/wiki/Neymar
Xi_Jinping, He, https://en.wikipedia.org/wiki/Xi_Jinping
Xi_Jinping, He, https://en.wikipedia.org/wiki/Xi_Jinping
Xi_Jinping, His, https://en.wikipedia.org/wiki/Xi_Jinping
Xi_Jinping, He, https://en.wikipedia.org/wiki/Xi_Jinping
Xi_Jinping, He, https://en.wikipedia.org/wiki/Xi_Jinping
Xi_Jinping, He, https://en.wikipedia.org/wiki/Xi_Jinping
Xi_Jinping, He, https://en.wikipedia.org/wiki/Xi_Jinping
Xi_Jinping, His, https://en.wikipedia.org/wiki/Xi_Jinping
Xi_Jinping, His, https://en.wikipedia.org/wiki/Xi_Jinping
Xi_Jinping, His, https://en.wikipedia.org/wiki/Xi_Jinping
Xi_Jinping, His, https://en.wikipedia.org/wiki/Xi_Jinping
Xi_Jinping, He, https://en.wikipedia.org/wiki/Xi_Jinping
Xi_Jinping, He, https://en.wikipedia.org/wiki/Xi_Jinping
Xi_Jinping, His, https://en.wikipedia.org/wiki/Xi_Jinping
Xi_Jinping, He, https://en.wikipedia.org/wiki/Xi_Jinping
Xi_Jinping, He, https://en.wikipedia.org/wiki/Xi_Jinping
Xi_Jinping, His, https://en.wikipedia.org/wiki/Xi_Jinping
Xi_Jinping, His, https://en.wikipedia.org/wiki/Xi_Jinping
Xi_Jinping, He, https://en.wikipedia.org/wiki/Xi_Jinping
Xi_Jinping, His, https://en.wikipedia.org/wiki/Xi_Jinping



